rank,feature_set,best_model,accuracy,f1,roc_auc,score
1,Reduced,RandomForest,0.5198473282442748,0.502727378193835,0.5258711410032355,0.5124921157708471
2,Baseline,RandomForest,0.5152671755725191,0.49580196522100345,0.5265555535110642,0.5077922459844704
3,ROC_Enhanced,RandomForest,0.5083969465648854,0.48093940386627415,0.5260271153208084,0.49819420896676436
