rank,model,accuracy,precision,recall,f1,roc_auc,confidence,score,overall_score
1,RandomForest,0.5152671755725191,0.49523356114019473,0.5241590116942834,0.49580196522100345,0.5265555535110642,0.5800614549102252,0.5077922459844704,0.5108676048134764
2,XGBoost,0.5076335877862596,0.4863904189329492,0.49126130053121286,0.4815851981846958,0.5163852915909902,0.6536570072174073,0.4963597337464238,0.49983974308705326
3,LogisticRegression,0.4885496183206106,0.2691963109354414,0.3904712922736179,0.2978524819683897,0.49449570640716994,0.5427009590181813,0.394390267761812,0.4140545902056901
